-- MySQL dump 10.13  Distrib 8.3.0, for Win64 (x86_64)
--
-- Host: localhost    Database: prac1
-- ------------------------------------------------------
-- Server version	8.3.0

/*!40101 SET @OLD_CHARACTER_SET_CLIENT=@@CHARACTER_SET_CLIENT */;
/*!40101 SET @OLD_CHARACTER_SET_RESULTS=@@CHARACTER_SET_RESULTS */;
/*!40101 SET @OLD_COLLATION_CONNECTION=@@COLLATION_CONNECTION */;
/*!50503 SET NAMES utf8mb4 */;
/*!40103 SET @OLD_TIME_ZONE=@@TIME_ZONE */;
/*!40103 SET TIME_ZONE='+00:00' */;
/*!40014 SET @OLD_UNIQUE_CHECKS=@@UNIQUE_CHECKS, UNIQUE_CHECKS=0 */;
/*!40014 SET @OLD_FOREIGN_KEY_CHECKS=@@FOREIGN_KEY_CHECKS, FOREIGN_KEY_CHECKS=0 */;
/*!40101 SET @OLD_SQL_MODE=@@SQL_MODE, SQL_MODE='NO_AUTO_VALUE_ON_ZERO' */;
/*!40111 SET @OLD_SQL_NOTES=@@SQL_NOTES, SQL_NOTES=0 */;

--
-- Table structure for table `customer`
--

DROP TABLE IF EXISTS `customer`;
/*!40101 SET @saved_cs_client     = @@character_set_client */;
/*!50503 SET character_set_client = utf8mb4 */;
CREATE TABLE `customer` (
  `customer_id` int NOT NULL,
  `cust_name` text NOT NULL,
  `city` text NOT NULL,
  `grade` int DEFAULT NULL,
  `salesman_id` int DEFAULT NULL,
  PRIMARY KEY (`customer_id`),
  KEY `fk_salesman` (`salesman_id`),
  CONSTRAINT `fk_salesman` FOREIGN KEY (`salesman_id`) REFERENCES `salesman` (`salesman_id`)
) ENGINE=InnoDB DEFAULT CHARSET=utf8mb4 COLLATE=utf8mb4_0900_ai_ci;
/*!40101 SET character_set_client = @saved_cs_client */;

--
-- Dumping data for table `customer`
--

LOCK TABLES `customer` WRITE;
/*!40000 ALTER TABLE `customer` DISABLE KEYS */;
INSERT INTO `customer` VALUES (3001,'Brad Guzan','London',120,5005),(3002,'Nick Rimando','New York',100,5001),(3003,'Jozy Altidor','Moscow',200,5007),(3004,'Fabian Johnson','Paris',300,5006),(3005,'Graham Zusi','California',200,5002),(3007,'Brad Davis','New York',200,5001),(3008,'Julian Green','London',300,5002),(3009,'Geoff Cameron','Berlin',100,5003);
/*!40000 ALTER TABLE `customer` ENABLE KEYS */;
UNLOCK TABLES;

--
-- Table structure for table `orders`
--

DROP TABLE IF EXISTS `orders`;
/*!40101 SET @saved_cs_client     = @@character_set_client */;
/*!50503 SET character_set_client = utf8mb4 */;
CREATE TABLE `orders` (
  `ord_no` int NOT NULL,
  `purch_amt` int DEFAULT NULL,
  `ord_date` date DEFAULT NULL,
  `customer_id` int DEFAULT NULL,
  `salesman_id` int DEFAULT NULL,
  PRIMARY KEY (`ord_no`),
  KEY `fk_customer` (`customer_id`),
  KEY `fk_salesman_orders` (`salesman_id`),
  CONSTRAINT `fk_customer` FOREIGN KEY (`customer_id`) REFERENCES `customer` (`customer_id`),
  CONSTRAINT `fk_salesman_orders` FOREIGN KEY (`salesman_id`) REFERENCES `salesman` (`salesman_id`)
) ENGINE=InnoDB DEFAULT CHARSET=utf8mb4 COLLATE=utf8mb4_0900_ai_ci;
/*!40101 SET character_set_client = @saved_cs_client */;

--
-- Dumping data for table `orders`
--

LOCK TABLES `orders` WRITE;
/*!40000 ALTER TABLE `orders` DISABLE KEYS */;
INSERT INTO `orders` VALUES (70001,151,'2012-10-05',3005,5002),(70002,65,'2012-10-05',3002,5001),(70003,2480,'2012-10-10',3009,5003),(70004,111,'2012-08-17',3009,5003),(70005,2401,'2012-07-27',3007,5001),(70007,949,'2012-09-10',3005,5002),(70008,5760,'2012-09-10',3002,5001),(70009,271,'2012-09-10',3001,5005),(70010,1983,'2012-10-10',3004,5006),(70011,75,'2012-08-17',3003,5007),(70012,250,'2012-06-27',3008,5002),(70013,3046,'2012-04-25',3002,5001);
/*!40000 ALTER TABLE `orders` ENABLE KEYS */;
UNLOCK TABLES;

--
-- Table structure for table `salesman`
--

DROP TABLE IF EXISTS `salesman`;
/*!40101 SET @saved_cs_client     = @@character_set_client */;
/*!50503 SET character_set_client = utf8mb4 */;
CREATE TABLE `salesman` (
  `salesman_id` int NOT NULL,
  `name` text NOT NULL,
  `city` text NOT NULL,
  `comission` float DEFAULT NULL,
  PRIMARY KEY (`salesman_id`)
) ENGINE=InnoDB DEFAULT CHARSET=utf8mb4 COLLATE=utf8mb4_0900_ai_ci;
/*!40101 SET character_set_client = @saved_cs_client */;

--
-- Dumping data for table `salesman`
--

LOCK TABLES `salesman` WRITE;
/*!40000 ALTER TABLE `salesman` DISABLE KEYS */;
INSERT INTO `salesman` VALUES (5001,'James Hoog','New York',0.15),(5002,'Nail Knite','Paris',0.13),(5003,'Lauson Hen','San Jose',0.12),(5005,'Pit Alex','London',0.11),(5006,'Mc Lyon','Paris',0.14),(5007,'Paul Adam','Rome',0.13);
/*!40000 ALTER TABLE `salesman` ENABLE KEYS */;
UNLOCK TABLES;
/*!40103 SET TIME_ZONE=@OLD_TIME_ZONE */;

/*!40101 SET SQL_MODE=@OLD_SQL_MODE */;
/*!40014 SET FOREIGN_KEY_CHECKS=@OLD_FOREIGN_KEY_CHECKS */;
/*!40014 SET UNIQUE_CHECKS=@OLD_UNIQUE_CHECKS */;
/*!40101 SET CHARACTER_SET_CLIENT=@OLD_CHARACTER_SET_CLIENT */;
/*!40101 SET CHARACTER_SET_RESULTS=@OLD_CHARACTER_SET_RESULTS */;
/*!40101 SET COLLATION_CONNECTION=@OLD_COLLATION_CONNECTION */;
/*!40111 SET SQL_NOTES=@OLD_SQL_NOTES */;

-- Dump completed on 2024-01-25 21:18:18
